{"cameraMode":{"drawMode":0,"name":"Shaded","section":"Shading Mode"},"sceneLighting":true,"audioPlay":false,"sceneViewState":{"m_AlwaysRefresh":false,"showFog":true,"showSkybox":true,"showFlares":true,"showImageEffects":true,"showParticleSystems":true,"showVisualEffectGraphs":true,"m_FxEnabled":true},"in2DMode":false,"pivot":{"x":-19.252010345458986,"y":2.2857160568237306,"z":4.489697456359863},"rotation":{"x":0.3063916862010956,"y":0.14779755473136903,"z":-0.047923240810632709,"w":0.939162015914917},"size":12.436212539672852,"orthographic":false}