{"cameraMode":{"drawMode":0,"name":"Shaded","section":"Shading Mode"},"sceneLighting":true,"audioPlay":false,"sceneViewState":{"m_AlwaysRefresh":false,"showFog":true,"showSkybox":true,"showFlares":true,"showImageEffects":true,"showParticleSystems":true,"showVisualEffectGraphs":true,"m_FxEnabled":true},"in2DMode":false,"pivot":{"x":2008.022705078125,"y":178.81336975097657,"z":-2984.334716796875},"rotation":{"x":0.23730503022670747,"y":0.029766244813799859,"z":0.007035707589238882,"w":-0.9709882736206055},"size":16.886491775512697,"orthographic":false}